ассортимент;6
детской;371
одежды;249
брендовая;3
детская;1933
одежда;549
интернет;1460
магазин;1524
брендовый;1
для;12318
детей;2708
модная;15
стильная;11
без;32
предоплаты;2
бесплатная;3
доставка;19
в;2519
наличии;4
по;281
россии;19
почтой;19
заказать;225
и;477
обувь;534
импортная;1
розница;6
каталог;113
товаров;17
купить;7353
наложенным;14
платежом;15
онлайн;20
возрастам;1
с;1391
доставкой;18
надписями;17
через;50
детский;2139
бутик;1
детскую;596
одежду;58
заказ;70
интернету;6
детских;314
качественной;4
фирменной;1
красивой;1
обуви;50
модной;2
классная;2
брендовую;1
интернете;17
стильную;2
магазины;38
коллекция;11
модный;6
новые;36
коллекции;3
одежка;2
деткам;2
оригинальная;1
покупка;1
популярная;2
популярные;9
бренды;4
прикольная;2
продажа;106
розничная;2
торговля;2
одеждой;4
сайт;106
продаже;2
текстиль;15
детские;4284
подарочные;20
карты;4
сертификаты;6
подарочный;6
купон;1
сертификат;11
подарить;2
детям;21
магазинов;2
беременных;175
родителей;14
на;1428
игрушки;1066
подарок;14
ребенку;41
1;1035
сентября;1
день;6
рождения;27
новый;15
год;45
электронный;54
авто;32
кресла;94
автокресел;10
автокресла;127
белгород;1
казани;5
москве;231
пензе;2
ростове;16
самаре;20
ижевск;9
томск;5
цена;898
москва;120
иркутск;9
киров;14
красноярск;26
липецк;3
новосибирск;45
пермь;24
распродажа;93
ростов;10
саратов;5
тверь;5
ульяновск;5
уфа;14
чебоксары;2
череповец;1
автокресло;250
барнаул;4
воронеж;24
детское;639
екатеринбург;115
как;18
выбрать;14
твери;6
недорогое;6
нижний;13
новгород;14
новокузнецк;4
оренбург;1
ярославль;15
автомобильное;38
кресло;313
безопасное;2
ребенка;393
перми;10
челябинск;34
автомобильные;12
машину;57
сидения;1
автомобиля;16
сиденья;4
мягкое;22
автомобиль;18
сиденье;32
нижнем;18
новгороде;18
недорого;837
лучшее;7
дону;10
самое;4
самые;45
безопасные;7
лучшие;67
игровая;30
мебель;538
дома;274
дешево;285
низким;8
ценам;11
цены;110
дешевая;36
комнаты;108
интересная;1
мебели;77
ценами;1
качественная;6
красивая;16
спален;1
недорогая;46
прайс;3
лист;1
современная;5
элитная;5
коляски;512
всё;14
путешествий;11
ребенком;18
конверты;138
люльки;23
переноски;29
средства;47
перевозки;2
товары;225
прогулок;6
новорожденным;5
удерживающие;1
центр;39
колясок;55
спб;333
продаж;1
большой;110
выбор;12
дет;5
магазине;219
коляску;282
качественные;8
параметрам;1
удобные;9
красивые;127
хорошую;4
марки;4
модели;186
новых;1
современные;16
фирмы;37
все;51
где;402
есть;3
комнату;100
можно;70
комната;23
девочки;318
подростка;22
малыша;48
мальчика;297
новорожденного;208
новорожденных;1221
мальчиков;415
набор;430
недорогие;79
обстановка;1
обустройство;1
очень;5
сколько;76
стоит;52
подарки;36
за;11
покупку;1
подарочки;1
аксессуары;98
кормящих;66
мам;58
будущей;1
мамы;37
малышей;383
молодых;4
будущих;6
матерей;9
матери;1
Подарки;3
мальчишкам;1
23;18
февраля;15
Что;1
оригинальные;16
мальчикам;9
мальчику;7
сыну;1
защитника;2
отечества;2
8;39
марта;3
девочек;748
колыбель;78
плетеная;14
кроватка;134
плетенная;1
колыбельки;14
плетеные;2
люльку;22
плетеную;1
люлька;65
колыбелька;9
Комплекты;3
детского;237
питания;84
гигиены;15
Обучение;1
творчество;34
новинки;28
2015;47
интересные;19
какие;16
появились;1
новая;5
игрушек;273
новейшие;3
детском;5
мире;3
2014;9
года;322
роботы;6
интерактивных;6
мягкие;214
электронных;1
интерактивные;58
развивающие;159
электронные;43
смотреть;19
от;766
3;470
лет;675
до;179
5;189
ти;2
х;55
русские;3
игрушку;76
чичилав;1
деревянные;145
младенцев;136
6;57
месяцев;39
18;29
месяцам;2
месяц;1
0;59
regbnm;1
возрасту;1
развивающий;49
домик;176
палатка;105
1года;2
игрушечный;92
дом;61
4;108
2;876
трех;23
творчества;82
книжки;83
развивающиеся;1
машины;160
музыкальные;50
диапроект;1
диапроектор;7
диафильмы;8
диапроекторы;1
диафильм;2
фильмоскопа;1
регио;1
проектор;16
фильмоскоп;3
казань;7
крона;1
часами;1
самара;12
питер;1
из;382
дерева;62
деревянных;5
развивающих;8
оптом;31
игры;293
столик;111
деревянный;63
аккумуляторные;9
батарейки;4
пальчиковые;18
аккумуляторы;4
адреса;1
мягких;16
забавные;2
мягкую;29
плюшевую;1
плюшевых;3
китайские;2
новосибирске;37
санкт;31
петербург;14
игрушок;1
меховые;6
милые;2
барнауле;3
брянске;3
красноярске;15
омске;10
саратове;2
ставрополе;1
челябинске;13
волгоград;2
меха;3
краснодар;16
прикольные;30
россия;17
рязань;4
тюмень;6
плюшевые;18
натуральные;3
простые;24
российские;1
куклы;253
кукол;154
дешевые;130
куклу;44
игровой;127
куклой;1
игрушечные;83
недорогих;1
кукла;110
комплектом;1
кукольного;1
игровые;97
принц;2
принцесса;9
набором;2
куколка;2
куколки;10
красивую;4
длинными;8
волосами;5
разные;3
воздушный;14
транспорт;18
тракторы;2
парковка;8
хот;1
вилс;1
дистанционном;8
управлении;11
пульте;119
управления;110
радиоуправлении;93
радиоуправляемые;107
rc;22
радиоуправляемых;11
летающие;8
р;28
у;35
самолеты;13
вертолеты;27
ролевых;3
игр;7
сюжетно;5
ролевые;9
тематические;5
образные;2
ролевая;1
игра;217
сюжетные;1
наборы;210
моторику;5
мелкую;3
мышление;1
обучающие;20
полезные;4
дошкольников;52
умные;8
самая;13
лучшая;23
развивающая;31
игрушка;584
сборные;131
сборных;16
моделей;17
пластиковые;46
уголок;12
шариками;14
конструктор;201
детали;4
конструктора;3
конструкторы;32
мира;5
дорогие;9
крутые;5
классные;3
модные;92
необычные;10
супер;17
пони;21
лошадки;13
мягкая;173
динозавр;14
магазинах;3
нижнего;11
новгорода;1
динозавры;13
краснодаре;12
интерактивный;12
фигурка;3
про;60
динозавров;19
динозавра;3
большого;6
во;15
владимире;7
маленькие;54
хороший;16
большие;101
лошади;11
лошадка;27
интерактивная;23
лошадь;17
кони;1
лошадей;5
фигурки;66
лошадку;2
лошадок;2
большая;29
собака;30
щенок;17
веселый;3
забавный;1
ученый;2
озорной;1
робот;18
девочка;6
умный;4
собак;1
собаки;12
интеллектуальная;3
собаку;7
щенка;1
обучающая;4
поющая;1
твердые;1
умная;1
электрическая;24
электронная;17
дракон;9
драконы;7
функциональные;2
драконов;2
кот;11
кошка;21
кошку;3
котенок;5
котят;1
виде;61
кошек;2
коты;5
котята;6
кошки;10
котов;1
котятами;1
кота;4
интерактивную;8
механические;4
медведи;14
мишки;12
белый;6
медведь;30
медвежонок;7
мишка;18
медведя;5
мишку;3
медвежата;2
медведей;1
медвежонка;2
огромный;2
единорог;11
единорога;2
крыльями;3
большую;7
пегас;1
рекламы;3
телевизору;1
тв;1
хиты;1
вещи;27
роддом;10
летом;5
трикотаж;37
вещей;22
необходимые;1
осенью;2
розницу;22
грудничков;77
грудных;22
первая;14
первые;23
стильные;19
дешевый;11
недорогой;24
последний;2
размер;30
дешевой;3
авито;2
зимняя;73
зимнюю;12
верхняя;12
финляндии;1
мембранная;3
зимний;59
комбинезон;172
костюмы;80
зимние;169
финская;1
зимней;18
комплект;132
мир;7
картинки;16
верхней;8
производители;14
производство;5
сайты;6
трикотажная;3
вязаный;5
ивашка;1
трикотажа;1
трикотажной;1
производителя;24
российский;1
летняя;15
лето;27
летнюю;1
летней;1
весенняя;3
весна;57
осень;68
со;173
скидками;2
финской;1
двух;35
мальчики;5
недорогую;11
тюмени;11
бесплатной;5
двусторонняя;1
радионяня;50
двухсторонней;1
связью;2
обратной;1
машинки;160
3х;11
4junior;1
петшопов;2
настольные;191
маленьких;124
самых;70
Игрушки;2
купания;177
краски;123
пяти;4
лепки;74
пластилин;108
физическое;7
развитие;42
палатки;58
кухни;21
кухня;52
Детские;16
мастерские;4
гараж;14
машинок;20
гаражи;2
машин;13
парковки;3
трости;17
коляска;1112
арт;2
9614;1
желазная;2
дорога;37
железная;26
машина;139
плакаты;16
плакат;9
интеллектуальных;1
7;34
класса;22
старшей;7
группе;2
саду;2
подготовительной;1
младших;6
школьников;103
средней;12
группы;17
дошкольника;13
восьми;3
бабаду;4
винкс;5
девочекбольши;1
парковку;1
паркинг;3
ferrari;7
baby;142
annabell;2
зима;35
вольск;1
артикул;2
791;1
646;1
колома;1
элеганс;1
12;46
треки;10
автотреки;9
railcar;1
9;35
гоночные;7
Головоломки;1
головоломки;15
головомки;1
коврик;199
коврики;38
дугами;3
игрушками;3
игральный;1
развития;127
мелкой;1
моторики;2
сенсорного;1
месяца;9
развивающийся;1
погремушки;6
погремушка;3
погремушек;1
отзывы;64
о;62
погремушках;1
мобиль;48
карусель;12
кроватку;190
карусельки;1
мобиле;7
каруселька;2
музыкальный;55
механический;12
мобайл;9
мобили;5
подвески;5
батарейках;8
кровать;967
мягкими;1
ночником;2
муз;1
музыкальная;17
карусели;9
подвесной;5
универсальный;16
электрический;69
кроватки;303
Игрушка;2
руль;8
подвеска;3
подвесные;9
автомобиле;1
машине;2
прогулочную;14
ручку;11
simba;2
ванны;24
младенцам;1
книжку;3
моя;1
книжка;40
видео;32
книги;421
карандаши;90
карандашики;4
лепка;10
детьми;8
самыми;1
маленькими;1
тесто;8
малыши;4
фломастеры;30
canpol;2
babies;25
193;1
прорезыватель;15
зубов;13
fvent;1
00;1
002578;1
000;2
chicco;3
тьлр;1
толо;1
толщ;1
активные;1
ходунки;73
прыгунки;43
тележки;2
каталка;112
машинка;66
ходунков;2
стульчик;192
тележка;15
чико;1
шаги;19
бадабум;1
каталки;34
качалка;150
игровым;1
комплексом;1
гимнастический;37
турничок;6
комплекс;82
центры;3
обучающий;17
разваивающий;1
турнички;1
младенца;28
тренажер;43
прыгунков;2
напольные;12
качели;148
тарзанка;1
стоят;24
конструкторыот;1
геометрический;1
сортер;18
сортеры;5
кубик;1
логический;1
пирамида;3
куб;1
кубики;3
волчок;8
неваляшка;9
юла;13
юлу;1
металлическая;13
пирамидка;9
пирамидки;8
кольца;1
музыкальную;1
пирамидку;2
логическая;4
счет;2
пластмассовая;8
bright;28
starts;26
6985;1
электрокачели;17
электрические;13
Музыкальные;4
мальчик;11
ванну;12
ванной;30
акварель;17
пластилина;23
цветные;18
дешёвые;1
calida;1
слоник;1
мячиками;7
бабочки;3
тоннелем;8
пристройкой;1
домики;63
тунеллем;1
палатку;15
тоннель;1
кухню;8
игрушечная;51
molto;1
кукол1;1
ручкой;57
велосипед;133
двухколесная;1
педалями;4
мотоциклы;28
pushtoy;1
pasitos;1
трансформер;189
мотоцикл;25
родительской;2
самокат;120
велосипеды;22
каталку;4
машинку;16
самокаты;50
самоуправляемые;1
трехколесная;2
гусеница;1
паровозик;5
веревочке;3
бабочка;5
колесо;7
веревке;1
паровоз;1
лабиринт;7
ручные;2
собачка;1
черепашка;1
палочке;4
палке;3
толкалка;1
е0340;1
babygo;1
качалки;49
пластмассовые;22
конь;4
деревянная;39
качалку;11
ходунок;1
многофункциональная;3
ходилка;1
бассейны;33
батуты;98
горки;76
дачные;6
площадки;20
домашняя;31
площадка;9
участке;1
спортивная;32
дачи;76
песочницы;22
горкой;24
улицы;17
комплексы;57
пластика;15
горка;38
площадку;5
сада;38
уличную;1
надувные;113
оборудование;7
площадок;7
песочница;32
игровых;6
садовые;10
уличные;15
катания;12
веломобили;2
педальные;4
езды;1
педальный;2
транспорта;2
ролики;127
стоимость;31
праздника;116
атрибутика;1
праздников;10
аксессуаров;6
украшения;6
подольск;2
ставрополь;1
украшений;7
омск;10
вечеринок;3
дня;5
оформления;2
екатеринбурге;60
тула;3
проведения;1
детсакие;1
колготы;3
колготки;54
рисунком;2
б;5
хлопковые;7
школьные;569
колготок;3
хлопок;3
носочки;17
носки;22
носок;1
размеры;22
носков;3
конверт;217
прогулочные;22
конвертов;2
капюшоном;50
новорожденной;6
конвертики;9
деток;9
карапузиков;3
карапузов;4
халат;30
халатик;9
халатики;5
боди;33
ползунки;26
длинные;3
короткие;10
кнопках;5
резинке;9
трикотажные;31
ползунков;1
распашонки;11
кофточка;3
кофточки;12
кофты;24
пеленки;125
распашонка;4
футболка;13
запахом;3
грудничка;93
комбинезоны;176
комбез;11
комбезы;11
годовалого;12
прогулочный;4
непромокаемые;11
чепчики;7
шапки;31
шапочки;27
чепчик;7
шапку;1
смешные;4
трикотажный;23
шапка;1
ушками;2
шапочка;5
простая;9
брюки;146
брючки;2
джинсы;27
леггинсы;7
лосины;12
спортивки;1
треники;1
шортики;5
шорты;26
штанишки;4
штаны;30
варежки;27
царапки;6
пинетки;128
ткани;4
тапочки;120
домашние;79
пинеток;2
креативные;1
теплые;43
летние;36
нарядные;57
малышки;6
шва;1
классические;24
годик;3
полгода;1
следки;3
шитые;1
бадлоны;5
водолазки;9
джемпера;6
свитер;7
свитера;4
толстовки;14
маечки;6
майки;13
футболки;62
футболочки;1
крестильную;2
рубашку;16
крестильный;11
крещения;26
крестильная;9
крестильные;11
платья;173
рубашки;104
крестин;6
красивый;6
рубашка;23
крестильное;1
платье;57
комплекты;109
крестины;1
крещение;2
крестильных;1
наборов;1
рубашечка;2
куртки;88
весенний;2
выписку;100
крючком;1
роддома;28
мае;2
род;1
летний;9
соня;1
производителей;1
прикольными;5
бриджи;5
джинсовые;9
капри;1
спортивные;116
сад;4
плавания;58
рваные;2
легинсы;2
девочку;3
полукомбинезон;18
полукомбинезонов;1
полукомбинезоны;18
толстовка;4
толстовку;2
кофта;7
молнии;11
бадлончик;1
горлом;3
свитерок;1
шерстяной;1
свитеры;1
теплая;5
пуговицах;1
пуговичках;1
кардиган;21
кардиганчик;1
кардиганы;3
вязанные;10
полуверы;1
джемпер;22
джемперок;1
полувер;1
пуловер;1
пуловеры;2
блуза;3
блузка;20
школьная;279
блузки;99
школу;90
блузы;20
белые;49
школы;342
блузок;7
блузку;13
лонгслив;1
лонгсливы;2
велюровый;2
спортивный;84
костюм;64
брендовые;7
теплый;12
велюровые;2
спортивных;3
танцев;84
начесом;1
утепленные;26
утепленный;4
купальник;68
гимнастические;10
купальники;81
выступлений;2
юбкой;4
художественной;3
гимнастики;20
зеленый;1
бальных;3
занятий;10
танцами;1
хореографии;4
юбочкой;1
хлопковый;1
спортивной;15
юбки;90
спортивное;1
гетры;16
15;11
36;19
ремнями;1
группа;5
кг;26
7лет;1
13;10
18кг;1
36кг;2
нания;1
белини;1
универсальное;3
финское;1
переноска;52
автолюлька;27
автолюльки;3
переноску;9
booster;2
бустер;60
спинки;4
автомобильный;20
безопасности;51
мягкий;51
бустеры;7
лучший;16
горизонтальное;2
автопереноска;1
автопереноски;1
автопереноску;1
автомобильная;10
25;4
уфе;5
мес;3
зеленоград;1
дешевое;9
автолюльку;3
хорошее;2
нуля;1
автомобильных;2
кресел;3
сказки;25
диафильмов;5
звуковой;4
колесный;18
двухколесный;13
управляемой;1
трехколесный;43
trike;1
трехколесные;18
четырехколесный;10
колесные;5
колёсный;1
трёхколёсный;2
трехколесных;3
велосипедов;4
маленький;28
простой;15
велик;1
взрослый;1
резиновыми;1
колесами;7
трицикл;4
дюймов;11
16;10
четырёхколёсные;1
10;48
два;4
242;1
двухколёсный;2
tech;1
team;35
колесах;24
двухколесные;1
четырёхколёсный;1
тремя;3
ybike;1
glider;8
smoby;4
акция;1
y;1
scoo;1
mini;3
glam;1
rt;1
скутер;4
электросамокат;22
сиденьем;7
электросамокаты;5
электросамокатов;2
мото;3
мотосамокат;3
легкий;7
электро;13
подростковый;2
мотор;1
колесом;1
подростков;44
большими;8
трюковой;17
трюков;28
самокатов;10
трюковых;4
петербурге;19
самый;10
трюковый;9
прыжков;2
начинающих;24
трюковые;12
великий;1
плоты;2
матрас;115
плотик;4
надувной;124
море;5
матрасы;30
отдыха;6
воде;2
матрац;7
плаванья;1
матрасик;36
воды;35
круги;6
нарукавники;12
круг;27
трусами;2
обучения;12
плаванию;1
ручками;22
бассейна;53
взрослые;6
маска;4
ласты;12
очки;58
резиновые;45
тренировочные;1
подводного;1
подводные;1
маски;9
мяч;80
мячи;14
мячик;11
пляжный;4
доска;59
волнам;1
доски;26
бассейне;3
досточка;2
батут;180
крышей;1
ограждением;1
батутов;8
какой;12
лучше;10
каркасный;17
скидкой;12
мини;143
защитной;5
сеткой;18
посмотреть;5
батута;10
пластиковая;22
крышкой;27
песочницу;6
дачу;5
водные;3
уличная;5
пластик;8
складная;9
двора;1
квартиры;17
комнатные;10
горку;10
пластиковую;3
пластмассовую;2
горок;2
опт;6
полом;1
высокий;3
пластмасса;1
пластиковый;33
кухней;1
даче;1
пластмассовый;39
качельки;2
качель;13
качелька;9
качельку;2
качелю;6
пикника;3
пластмассы;2
скамейки;1
зонтом;1
столы;163
улицу;3
стол;667
стул;316
чехол;19
насос;4
надувного;3
насосы;1
каркасных;6
бассейнов;6
тент;3
тенты;1
качелями;2
домиком;1
уличный;4
комплексов;7
спортивно;8
дск;19
куплю;7
рожками;17
играем;1
вместе;14
фитбол;23
массажей;1
фитнеса;8
попрыгун;23
прыгун;2
резиновый;20
похудения;3
шипами;2
массажные;5
массажа;7
ортопедический;45
фитбола;3
массаж;1
мяче;1
мячики;5
массажный;5
фитнес;1
пеналы;23
пенал;38
хорошие;7
школьника;311
школьный;262
карандашей;6
ручек;26
ltncrbt;3
h;1
rpfrb;1
деский;1
рюкзачок;4
дошкольные;3
рюкзачки;13
рюкзаки;148
рюкзак;194
формы;32
рюкзаков;8
портфели;31
форме;23
дошкольный;4
портфель;24
белла;6
сара;6
ранцы;39
зверюшки;3
одноразовые;59
фартуки;4
труда;23
фартук;4
мешок;28
мешки;12
под;71
сменной;1
сумки;123
школьную;59
сумку;30
ребёнка;6
сумок;8
школьных;34
сумк;1
класс;17
канцелярия;43
канцелярские;33
канцтовары;39
первоклассника;63
покупки;3
к;44
школе;36
школьно;1
письменные;63
дневники;17
тетради;90
сумка;99
ланча;4
ланч;10
бокс;11
боксы;4
бокса;11
обеда;1
сумочка;6
глобус;28
географические;1
глобусы;1
подсветкой;4
политический;1
учебный;3
купит;5
настольный;81
физический;1
сувенир;1
матрешки;8
матрешка;9
матрешку;1
матрешек;1
пальчиковый;5
театр;3
русская;9
вкладыши;32
мозаика;8
пазлы;141
рамки;16
мозаики;1
деревянныепазлы;1
пазла;1
монтессори;155
бегемотики;1
инструменты;11
одноцветная;1
рыбалка;4
магнитная;7
дерево;4
самовывоз;3
бауманская;1
д250;1
кукольный;15
кукольная;14
сборный;6
бусы;6
шнуровка;3
бусинки;3
бусины;2
шнуровки;4
банке;1
еда;3
кулинария;1
овощи;8
фрукты;9
ножом;2
фруктов;2
счетный;7
материал;14
начальной;16
математике;7
счётный;1
деревянное;3
домино;28
лото;67
шайбы;1
экологически;1
чистые;1
дергунчик;4
дергунчики;5
доспехи;5
супергероев;3
шлем;52
героя;1
меч;13
оружие;45
мечи;2
автоматический;5
пистолет;27
пистолеты;20
металлический;33
пистолетик;1
пневматический;1
пневматические;1
похожие;2
настоящие;5
железный;19
настоящий;1
пистонами;3
пистолетов;5
игрушечных;7
металл;2
лук;16
стрелы;6
стрелами;3
стрельбы;1
луки;1
ракета;7
ружье;7
ружья;4
игрушечное;10
пульками;14
пульках;3
железное;4
железные;10
который;2
стреляет;1
дробовик;1
стреляющее;1
пистоны;5
диски;13
бластера;4
стрела;1
пистолета;4
обойма;1
патроны;2
пули;2
игрушечного;4
пульки;3
теста;7
play;22
doh;3
живой;5
песок;75
плей;15
обычный;8
цветной;23
разноцветный;2
твердеющий;1
рисования;153
бумага;44
принадлежности;24
принадлежностей;5
рисование;28
опытов;7
экспериментов;2
химических;2
физических;1
опыты;8
химические;1
эксперименты;2
двухсторонняя;2
мольберт;16
аквагрим;2
грим;20
грима;2
лица;11
мелки;39
тела;22
красок;6
временные;3
тату;7
татуировки;8
наклейки;23
переводные;2
татушки;2
рисунки;1
рукоделия;9
девочкам;1
рукоделие;4
раскрашивания;26
красками;10
росписи;19
картин;6
изготовления;19
гелевых;1
свечей;5
создания;7
гелевые;21
свечи;19
своими;11
руками;11
мыла;7
домашнее;3
мыловарение;1
мыло;12
делать;1
ручной;43
работы;2
мыловарения;3
приготовления;6
творческий;2
песка;17
картины;15
песком;2
цветного;3
песочные;3
трафареты;3
песочных;1
Апликация;1
кинетический;59
кинестетический;4
натуральный;1
воронеже;4
скидки;18
кинетического;1
d;9
ручка;37
ручкадля;3
воздухе;2
д;8
3d;42
ручкаиз;1
китая;2
ручки;45
3д;14
продается;1
печати;1
чудо;3
жвачка;6
рук;11
жевачка;1
живачка;1
жидкий;3
жувачка;1
антистресс;8
масса;19
паста;30
моделирования;2
прыгающий;2
отскакивающий;1
попрыгунчик;2
прыгучий;2
классический;3
плйто;1
растительной;1
основе;1
растительный;1
пластилином;1
нож;1
ножик;1
формочки;11
двухсторонние;1
художественные;5
мел;14
мелков;2
раскраски;40
раскраска;43
фломастеров;2
фломастер;1
маркер;3
альбом;4
творческих;1
работ;3
акварели;4
акварелью;2
акриловыми;1
гуашью;2
карандашом;1
мелом;4
пастелью;1
углем;1
бумагу;3
кисти;6
кисточки;14
кистей;1
кисточек;2
Штампики;1
гель;28
блестками;1
художественный;1
маркеры;16
маркеров;2
футболку;12
надписью;3
футболок;3
поло;6
белая;31
рисунка;6
белую;7
однотонные;14
однотонную;1
однотонная;1
раздвижные;54
26;4
29;3
розовые;6
курск;1
защитой;10
коньки;128
саранске;1
роликов;15
четырехколесные;9
широкие;1
секционые;1
старшеклассников;3
подростковые;22
наполнением;8
круглые;3
тубус;1
жесткий;1
отделения;3
отделениями;3
двумя;9
тачками;2
тачки;9
облегчённый;1
erich;1
krause;1
zebra;1
223918;1
ортопедическая;122
спинка;2
ранец;48
гулливер;1
первокласснику;5
первоклашки;3
маквин;1
первоклассников;22
легкие;25
ранцев;2
ранце;1
туле;2
одной;3
лямкой;2
ортопедические;39
ортопедической;42
спинкой;23
ортопедических;1
детксий;1
девочке;1
дост;1
китай;1
анатомическая;17
отличия;1
производства;1
ортапедической;2
eva;1
мягкой;2
колесиках;18
чемодан;9
трансформеры;49
сумочки;11
дорожная;30
дорожные;19
чемоданы;11
чемоданов;3
подростковую;2
подростковых;1
2013;7
14;3
мужские;7
плечо;16
зонт;18
трость;85
зонтики;11
зонты;8
тачкм;1
часы;74
наручные;13
будильник;1
настенные;23
етские;1
экран;4
дисплей;2
палочкой;1
панель;1
планшетная;1
мольберты;4
двухсторонний;4
парты;96
магнитной;2
доской;5
столики;34
парту;29
28014;1
парта;140
двусторонней;1
магнитных;4
досок;11
маркерных;4
губка;9
магнитно;6
маркерной;5
стиратель;2
держатели;2
магнитные;6
маркером;4
маркерная;8
доску;1
магнито;1
подставке;1
маркерные;3
меловая;4
мелками;1
восковые;25
декорирования;2
декора;2
акварельные;14
акварельных;1
графитовые;1
карандаш;30
ластиком;2
черный;15
чернографитный;1
черно;1
графитные;1
чернографитные;2
гуаш;1
гуашь;16
crayola;3
250;1
мл;3
пальчиков;1
пальчиками;1
пальчиковая;1
темперные;6
темперных;1
пастель;8
пастели;1
восковых;1
школьной;27
асфальта;3
асфальте;1
бумаге;1
моря;1
надувных;3
надувная;31
роликовые;45
защита;61
квады;1
защиту;1
27;1
30;3
квадро;1
учебные;2
смурфы;1
экскаватором;1
водное;3
водный;4
бластер;3
водяное;2
водяной;3
водяные;5
воздушные;11
змеи;2
змей;13
кайт;1
перевод;1
воздушных;2
змеев;2
управляемый;3
модель;12
воздушного;1
змея;4
йо;26
дёшево;3
профессиональное;1
боксерский;4
груша;3
напольная;9
боксерские;1
напольный;9
грушу;1
перчатки;38
1834;1
мыльные;13
пузыри;13
генератор;1
мыльных;6
пузырей;6
пускания;2
gazillion;1
bubbles;1
раствор;1
бумеранг;6
летающая;22
тарелка;32
летающий;7
диск;6
фрисби;5
фризби;2
дартс;5
рогатка;4
кольцеброс;4
рогатки;1
меткость;3
кольцебросы;1
боулинг;8
гольф;3
городки;5
кегельбан;1
гольфа;1
кегли;6
подвижная;2
снегокат;7
санки;127
снегокаты;4
снего;1
кат;1
лыжи;1
попрыгуны;6
прыгуны;22
животные;16
низкая;11
попрыгуна;1
звери;4
резиновая;3
природу;1
сетью;2
сетчатые;1
складной;25
домашний;34
комнатный;5
квартиру;5
надувнйо;1
крепление;5
земле;2
сетки;1
крепления;1
лестницу;2
лестница;9
туннелем;6
трубой;1
шарами;5
игровую;5
мячами;1
шатер;9
юбочки;4
юбок;9
платьица;1
платьев;13
каталоги;2
красное;2
дисней;7
рукавом;7
простое;1
осенние;27
полных;2
сарафан;88
сарафаны;65
сарафанчик;1
сарафанчики;1
шифона;1
Активные;1
старше;3
интеллектуальные;7
Радиоуправляемые;1
Конструкторы;1
наноблок;1
11;8
ребусы;1
бинокль;3
бинокли;1
микроскопы;2
телескопы;2
перископ;1
телескоп;1
микроскоп;1
телескопов;1
текстиля;1
садов;7
гипоаллергенные;2
тонкий;3
кровати;312
матрасов;2
двусторонний;2
матрасики;1
кроватей;11
наматрасник;8
непромокаемый;6
декор;8
стен;2
маленькой;1
малогабаритных;1
квартир;1
узкой;1
компактная;4
малогабаритной;2
небольшой;5
функциональная;2
вырост;5
растущей;3
регулируемая;15
растущая;31
мебельная;4
фурнитура;13
кроваток;18
мебельные;3
рейки;2
изготовить;1
изготовление;2
встроенная;2
корпусная;2
двоих;132
спальни;7
модульная;7
подростковая;9
дизайн;21
корсар;1
молодежная;3
рабочее;1
место;1
фото;22
садика;15
екб;1
садик;4
курске;1
садиков;3
готовая;4
готовые;23
комнат;3
решения;1
готовый;1
проект;1
подростковой;3
мебельный;1
модульный;3
корпусной;1
спальню;4
смоленске;1
письменный;234
письменных;3
столов;8
оригинальный;1
современный;1
удобный;2
угловой;134
компьютерный;95
компьютерные;62
письменно;1
стильный;3
яркий;1
выдвижная;17
полка;18
клавиатуры;9
мыши;2
выкатная;59
компьютерная;1
надстройку;1
письменного;19
стола;36
надстройка;6
компьютерного;8
отдельно;4
надстройки;1
компьютерных;3
подставка;28
системного;5
блока;5
полку;2
стулья;88
обеденный;1
стульев;1
маленького;2
стульчики;29
табуретка;3
табуретку;1
табурет;2
хранения;60
корзина;10
контейнеры;41
ящики;29
контейнер;37
корзину;3
ящик;38
корзины;12
коробки;2
коробка;10
сундук;3
трусы;67
белья;76
майка;1
трусики;26
боксеры;1
семейные;3
трусов;1
горошек;7
подгузники;208
newborn;1
недоношенных;4
ньюборн;1
midi;1
s;3
миди;1
maxi;2
макси;11
junior;1
xl;1
джуниор;1
20;2
plus;5
плюс;8
extra;2
large;1
экстра;1
лардж;1
m;4
м;8
l;3
липучках;9
подгузник;22
one;1
size;1
многоразовые;50
более;1
глазастики;2
глазами;5
пучеглазик;2
пучеглазики;2
пучеглазиков;1
купиш;1
обезьянка;2
пучеглазая;1
лемуры;2
пучеглазые;1
пучеглазый;1
лемур;4
звуком;4
папуган;1
бойэ;1
гигантские;1
огромную;1
больших;12
100;4
см;8
размеров;8
огромные;2
маленькая;12
мелкие;2
миниатюрные;1
миниатюрных;1
домиков;1
анти;1
стресс;1
антистрессовые;7
мнушки;2
подушки;57
снятия;1
стресса;2
наполнителем;3
антистрессовых;1
мультфильмов;14
герои;1
мультиков;3
руку;17
надевающаяся;1
одевающаяся;1
перчатка;1
браслеты;1
запястье;1
одеваемые;1
живые;1
панда;17
панды;1
обезьяна;6
обезьяну;1
обезьяны;1
зайка;10
ушами;3
зайца;1
зайку;1
заяц;17
знайка;1
мягкою;1
щенки;2
гав;1
петебург;1
настоящую;1
плюшевый;7
саранск;1
енота;1
енот;6
сова;8
волк;3
льва;1
лев;3
2в1;107
в1;9
2в;4
германия;9
одном;3
классика;7
комбинированные;2
модульные;4
универсальные;4
3в1;24
3в;2
три;1
италия;20
двойные;5
двухместные;1
близнецов;15
двойняшек;23
погодок;16
второго;1
двойни;118
паровозиком;1
удобная;2
близнецы;1
двойняшки;1
погодков;2
спальная;3
люльками;1
запчасти;13
прогулочных;1
комплектующие;6
запасные;2
части;1
сани;5
колесиками;5
облегченные;3
легкую;2
легкая;17
прогулочная;77
люкс;11
элитные;11
премиум;10
эксклюзивные;2
дешевую;5
Коляски;1
подарками;1
положение;2
горизонтальным;2
положением;6
лежачая;2
лежа;2
вертикальным;1
180;1
лежачим;3
зимы;3
облегченная;1
розовая;1
бампером;1
зиму;24
козырек;2
солнца;13
козырьки;2
дождевик;16
москитная;3
сетка;11
накидка;8
чехлы;8
колес;3
колеса;9
ножки;12
прогулочной;1
вкладыш;7
плед;11
одеяло;146
подушка;119
замок;11
противоугонный;1
муфта;6
ног;12
универсальная;27
ножек;19
чехольчик;2
постельное;136
белье;177
постельного;42
подушечка;3
подушку;7
грудного;44
после;62
сна;37
постельная;1
банное;5
полотенце;80
банные;5
полотенца;16
пляжные;9
махровое;8
махровые;11
пляжное;14
постельные;8
дизайнерское;1
пледы;9
одеяла;21
колыбельку;5
красивое;4
элитное;1
новорожденному;1
стильное;1
одеялки;1
легкое;1
одеяльце;7
теплое;1
качественное;1
екатеринбурга;1
белое;2
колыбелей;1
колыбелек;1
Подушки;1
новорожденнных;1
шторы;61
бирюзовые;1
занавески;7
ночные;7
тюли;1
плотные;1
штор;5
разноцветные;1
укороченные;1
шторка;7
полоску;1
яркие;1
бамбуковые;3
бамбука;26
барьер;20
барьеры;5
ворота;9
воротца;2
защитные;15
ограждения;16
защитное;1
ограждение;9
перегородки;2
квартире;3
бортик;13
защитный;24
ограничитель;5
бортики;16
падения;3
борт;1
перегородка;2
съемные;1
съемный;1
аптека;1
блокиратор;4
блокираторы;3
двери;3
замки;11
лента;11
водонепроницаемый;3
постельный;3
наволочка;5
наволочки;7
малышу;2
простынки;1
простыни;5
простынка;2
простынь;6
пододеяльник;13
70;46
120;2
65;3
125;3
спальное;23
спальный;24
сп;4
крой;1
спального;4
комплекта;1
150;1
200;2
спальные;8
спальную;1
спартак;1
стандарт;2
евро;48
70х70;1
200х220;5
220х240;4
евростандарт;3
семейное;2
2х;7
двуспальное;1
220;2
240;1
50х70;1
простыней;1
простынью;1
покрывала;2
вязаное;15
покрывало;1
вязаные;13
пружинах;3
пружинный;3
пружинные;1
бамбуковый;3
холлофайбер;8
кокос;9
холофайбер;3
холлофайбера;1
латексный;2
натурального;1
латекса;1
латексные;3
латекс;4
ватные;33
ватный;3
ваты;1
гречка;1
кокосовой;1
стружкой;1
кокосовый;7
поролон;1
гречишный;1
гречиха;1
гречихи;1
круглый;6
круглой;1
измеритель;2
роста;3
линейка;14
ростомер;17
наклейка;6
стену;26
настенный;13
бумажный;2
картинка;1
ростомеры;1
стены;4
виниловые;8
декоративные;6
объемные;3
интерьерные;1
светильники;29
проекторы;2
светильник;16
зеркала;3
зеркало;7
настенное;1
ковер;12
ковры;6
пол;14
длинная;1
кормления;331
колбаса;2
банан;2
валик;1
рогалик;2
вскармливания;11
грудью;7
обнимашка;1
живот;1
подкова;1
колбаски;1
валики;2
специальные;1
шеи;2
ортопедическую;18
шею;3
подголовник;3
транспортная;1
поездок;1
подголовники;2
колыбельная;1
колыбели;10
калыбелька;1
укачивания;4
колыбельные;1
механическая;7
автоматическая;2
электроприводом;1
автоматическим;3
маятником;10
автоукачиванием;1
электрическим;1
качающаяся;1
системой;2
функцией;2
электронной;1
электронным;2
укачиванием;1
самокачающаяся;1
укачивающая;1
раздвижная;21
бортиком;1
раздвижную;10
маятниковым;2
механизмом;6
маятник;13
маятники;3
маятниковые;1
маятниковая;1
слоновая;13
кость;13
цвета;51
слоновой;3
кости;3
цвет;8
итальянские;6
итальянская;1
итальянскую;1
обычная;23
приставная;16
приставные;5
бука;5
бук;3
ящиком;15
акции;2
какую;6
близняшек;1
манежи;17
пеленальный;81
ванночкой;3
пеленания;42
ванна;18
ванночка;34
откидной;3
пеленальные;23
откидные;1
комод;196
пеленальным;11
столиком;12
комоды;83
пеленаторы;1
столом;88
пеленальных;3
комодов;2
пеленальная;3
комода;5
стандартный;1
клен;7
венге;1
орех;11
манеж;97
складные;8
манежики;3
дети;11
вибрацией;5
дорожный;23
раскладной;1
переносной;8
забор;3
заборчик;1
Подгузники;4
блок;7
камера;2
адаптер;10
Электронные;1
кошельки;7
кошелек;7
Школьные;1
2012;1
спортивную;4
bhl0201001;1
hello;1
kitty;1
чемоданчик;2
качество;1
европейское;1
барби;97
принцессами;1
англия;2
молодежные;3
женские;27
первоклашек;12
партфели;1
лего;3
шасси;3
адаптеры;1
установки;1
база;1
автомобильного;1
подстилка;1
защитная;1
скручивающаяся;1
шторки;2
окна;5
накладка;22
ремень;21
ремня;1
накладки;57
ремни;6
рязани;3
накладку;1
бутылочки;86
замораживания;4
молока;50
сбора;3
молочной;1
смеси;180
заморозки;7
сцеженного;1
пакеты;15
пакетики;4
авент;430
сцеживания;1
бюстгальтера;5
впитываемость;1
одноразовых;1
прокладок;1
груди;19
avent;361
прокладки;55
грудные;2
корректоры;4
корректор;22
соска;57
сосков;17
силиконовые;13
грудь;5
бюстгальтер;4
впитывающие;37
лифчик;1
вакуумный;6
молокоотсос;138
грушевидный;1
поршневой;3
молоко;7
отсос;9
грушевый;1
грушей;5
отсасыватель;1
резиновой;13
помповый;1
поршневый;1
молокоотсосов;2
ручных;1
молокосос;3
бутылки;17
бутылочка;30
каши;46
кашей;1
широким;2
горлышком;1
прикорма;15
стандартное;1
горлышко;2
узкое;1
бутылочек;119
блендер;27
пюре;226
пароварка;11
погружной;1
комбайн;6
пароварку;1
кухонный;1
кухонная;2
посуда;107
присосках;3
небьющаяся;2
столовая;2
посуду;6
посуды;24
детским;2
пустышки;36
соски;73
пустышку;4
пустышка;43
пустышек;2
симметричная;3
стерилизатор;68
подогреватель;64
tommee;1
tippee;1
инструкция;3
прибор;21
стерилизации;1
бутылок;6
сосок;3
молокоотсоса;11
стерилизаторы;4
стерилизация;1
приспособление;10
приспособления;8
стульчиков;4
сидение;8
слюнявчики;7
нагрудник;4
силиконовый;5
слюнявчик;9
махровый;9
нагрудники;2
липучке;2
карманом;2
подогревом;2
нагреватель;14
подогрев;4
подогрева;4
разогреватель;2
устройство;7
термос;21
еды;7
бытовой;1
фильтр;7
кувшин;7
стеклянный;1
жесткой;1
фильтры;1
кувшины;1
очистки;1
ниблер;16
овощей;1
сеточка;1
ниблеры;1
ниблера;2
сеточки;1
dect;1
gsm;1
беспроводная;3
радио;17
няню;1
радионяню;8
няня;28
аккумуляторах;2
рация;2
цифровая;5
видеоняню;3
видеоняня;39
датчиком;1
движения;1
интернетом;1
бесшумный;2
увлажнитель;42
воздуха;43
увлажнители;2
очиститель;5
ультразвуковой;6
ионизатор;3
озонатор;2
весы;70
медицинские;5
взвешивания;7
цифровые;1
гигрометр;1
термометр;73
градусник;16
градусники;4
измерения;49
температуры;1
термометры;9
лоб;2
инфракрасный;13
ик;1
инфракрасные;1
лобный;1
ушной;1
цифровой;6
бесконтактные;1
ингалятор;52
виды;6
ингаляторов;1
ингалятора;2
ингаляторы;16
небулайзер;8
носа;11
компрессионный;3
паровой;12
кашля;3
компрессорный;6
насморка;1
компрессионные;2
горла;1
взрослых;25
компрессорные;1
ультразвуковые;1
бывают;1
сетчатый;1
ирригатор;28
чистки;5
зубной;3
полости;6
рта;6
маркет;1
портативный;1
ирригаторы;2
бесконтактный;3
стекло;1
стеклянные;9
стеклянная;1
держатель;4
ерш;1
ершик;3
мытья;11
щётка;3
сушки;1
сушилка;2
сушка;2
бутылка;5
термоконтейнер;7
термо;10
термосумка;59
термоупаковка;1
термочехол;2
улице;1
поильники;5
мягким;7
носиком;4
поильник;26
непроливайка;10
силиконовым;1
трубочкой;14
стаканчики;6
сказка;4
ескай;1
силиконовой;1
тарелки;20
рисунками;5
плошки;1
тарелочки;12
чашки;5
стакан;2
кружечки;3
кружки;4
стаканы;4
чашечки;4
чашка;7
вилки;5
силиконовая;12
ложка;19
ложечки;5
ложки;10
столовых;3
приборов;3
вилочки;1
ложек;5
силиконовых;1
ложечек;5
ножи;2
столовые;3
приборы;3
столовый;1
термоложечки;1
клипса;1
прищепка;1
футляр;1
цепочка;1
вишня;2
латексная;2
классическая;1
круглая;2
форма;90
ортодонтическая;17
ортодонтические;2
каплевидная;2
капля;2
прикусом;2
скошенная;3
физиологическая;2
анатомической;1
ночная;9
успокаивающая;2
силиконовую;2
соску;2
полностью;1
miniland;1
микроволновке;1
свч;3
микроволновки;1
микроволновой;1
печи;2
рейтинг;1
навесной;5
запасной;1
стульчика;5
мобильный;8
путешествия;1
шезлонг;53
разовые;2
продаются;7
многоразового;1
использования;1
многоразовых;5
подгузников;28
многоразовый;1
вкладышами;1
японских;2
японские;24
памперсы;7
япония;5
японии;1
владивосток;1
nissen;1
корейские;1
корея;1
ведро;1
утилизации;2
дозатор;1
использованных;1
накопитель;2
diaper;1
champ;1
утилизатор;2
дешевым;1
дешевых;1
бесплатно;1
пеленку;2
гигиенические;5
тканевые;3
пеленок;1
безопасная;5
косметика;65
уходовая;1
бытовая;10
химия;6
моющее;3
средство;27
гигиена;3
зубные;10
пасты;2
щетки;11
маникюрные;2
ножницы;52
ногтей;3
маникюрный;1
ножнички;3
пилочка;2
щипчики;2
массажная;1
расческа;6
щетка;19
расчески;8
волос;16
расчесок;2
аспиратор;67
назальный;16
вакуум;1
носовой;2
соплеотсос;9
анатомические;2
горшки;11
горшков;2
горшок;68
анатомический;3
сидушка;10
горшочки;1
унитаза;18
унитаз;16
крышка;1
взрослого;1
ночного;1
мешочек;2
мешочки;1
грудничкам;1
пеленка;9
вздрагивания;1
пеленального;2
столика;1
бортиками;12
бумажно;1
гигиеническая;3
продукция;22
бумажные;14
платки;1
платочки;5
платок;1
влажная;2
туалетная;5
туалетную;2
носовые;1
баночки;2
анализов;6
грелка;57
аптечка;3
банки;1
емкость;1
здоровья;1
многоразовая;3
впитывающая;2
простыня;1
липким;1
слоем;1
60;30
60x60;1
60х60;4
90;12
60х90;17
40;3
40х60;3
непромокаемая;4
абсорбирующие;2
ванночки;20
окт;1
ванночку;17
ванную;19
креслице;1
варежка;2
губки;2
мочалка;4
мочалки;1
натуральная;3
рукавичка;2
противоскользящий;2
нескользящий;1
лежак;2
лежачок;1
подставки;1
органайзер;6
каких;1
термосумки;17
термосумку;11
продуктов;7
переносная;1
термосумок;1
литров;2
литра;1
л;1
горячей;1
напитков;1
тепла;1
ижевске;5
мурманск;1
контейнерами;2
посудой;1
обедов;2
мск;1
города;3
женскую;4
женская;11
девушек;8
женщин;11
косметички;11
косметичек;3
косметичка;22
косметичку;5
дорожную;5
багажные;2
бирки;4
бирка;2
багажа;2
восприятие;1
включительно;1
книга;90
ребенок;4
энциклопедии;5
познавательные;6
научно;5
познавательная;3
литература;35
образовательные;2
обучению;13
пальчиковыми;1
куклами;1
аудиокниги;2
английском;16
аудио;1
аудиокнига;1
слушать;2
cd;2
дисками;1
диском;1
подарочную;1
книгу;5
издания;1
художественная;15
художественную;1
литературу;3
подешевле;7
грудном;1
вскармливании;1
естественного;1
вся;1
предметы;5
женский;1
грудной;1
лактации;13
молокоотсосы;4
сцеживатель;5
эффективный;1
гаджеты;6
электроника;6
устройства;5
молодой;4
памперсов;1
прогулки;1
родов;36
косметические;3
косметики;1
беременной;1
Видео;1
уроки;1
авторские;3
видеокурсы;4
носить;1
беременным;10
комфорт;2
беременны;1
беременный;1
размера;1
кенгуру;33
официальный;69
стиль;1
интерьера;15
дизайна;1
домашнего;1
мама;1
жене;2
роженицам;1
роддомах;1
при;8
выписке;1
подруге;1
сестре;1
растяжек;54
против;3
беременности;38
предотвращения;1
послеродовых;1
коже;1
теле;1
интимной;2
личная;1
гели;11
крема;17
маме;4
лосьон;7
лосьоны;8
масла;21
крем;63
солнцезащитные;20
солнцезащитный;1
кремик;1
рожениц;12
послеродовые;14
родовые;4
мамам;3
стерильные;5
застывающий;2
шариковый;5
зернистый;1
крупнозернистый;2
мелкозернистый;3
гранулах;1
шариков;1
шариковой;1
пианино;11
клавишами;4
нижка;1
Говорящие;3
песенки;1
частушки;1
стихи;3
потешки;3
заданиями;3
модулем;2
животных;17
природе;2
космосе;4
исторические;4
история;1
позновательные;2
истории;1
человек;1
страны;1
народы;2
национальности;1
великих;1
людях;1
прошлого;1
энциклопедия;8
обо;1
всем;1
география;2
земля;1
искусству;1
культуре;1
картинками;7
энциклопедию;1
математика;1
счету;1
логика;4
чтению;11
метод;3
пособия;19
пособие;13
практическое;3
прописи;76
задания;1
пропись;6
дошкольникам;2
письму;8
методическое;4
грамоте;2
обучение;5
печатные;2
букв;1
цифр;3
клетку;11
линейку;11
алфавит;3
прописью;1
буквы;5
пишем;1
клеточкам;1
буква;1
рабочие;6
тетрадь;93
учимся;2
писать;2
английский;7
английская;1
языке;6
язык;1
английскому;1
языку;1
карточки;8
буквами;1
тест;113
викторина;2
викторины;3
тесты;13
подготовка;9
подготовки;9
подготовке;1
занятия;3
учебное;1
наклейками;11
продукты;8
цифра;1
говорящие;14
музыкальным;1
звуками;2
книжный;13
музыкальных;1
книг;43
музыкальной;1
музыкальное;3
воспитание;31
пазл;79
раскладушка;4
объемными;1
раскладушки;1
панорама;1
панорамки;1
панорамы;1
вырубка;2
рисованию;3
конвертик;10
меховой;23
весенние;14
демисезонные;29
демисезонный;10
осенний;5
пуховые;12
пуховой;3
пуху;6
пушку;1
меху;8
овчины;12
овечьей;10
шерсти;40
овчине;20
овчина;6
натуральной;3
овчинный;5
овечья;1
шерсть;5
выписной;1
пуховый;1
выкройка;1
комбинезона;1
конверта;1
спицами;1
флисовый;42
флиса;6
флисе;7
флисовые;13
vip;1
вип;2
дорогой;3
элитный;4
ватрушка;7
тюбинг;30
ватрушки;17
тюбинги;6
санок;5
ватрушек;1
ватрушку;2
тюбингов;1
ледянки;1
низкие;5
снегу;2
стерлитамак;1
утеплитель;1
перекидной;2
толкателем;3
алюминиевые;1
металлические;12
хабаровске;1
или;4
кристи;1
luxe;1
twin;1
бассейн;50
подставку;1
майслинг;2
май;6
слинг;71
тай;1
тайт;2
тайслинг;1
фаст;5
фастслинг;1
кольцами;7
карман;10
шарф;37
шелком;1
шелк;1
ношения;3
эрго;13
эргономичный;11
эргорюкзак;6
слинги;5
месячного;4
хипсит;13
пояс;19
хипситы;2
слинго;3
слингорюкзак;1
слингорюкзаки;1
эргорюкзаки;1
Сумка;1
повторяшки;1
поющие;6
повторяшка;1
ходячий;1
vivid;2
рассказывающие;2
сказками;1
змейка;1
gpz11868cat;1
плюшевая;9
котик;1
шарик;1
собачки;4
tiny;1
walker;1
зайцы;1
кролик;5
зайчик;5
белка;2
лимуры;1
фотки;1
белочка;1
бурундук;1
лиса;2
горилла;1
пингвин;1
попугай;1
птичка;1
совенок;1
птицы;13
бегемот;2
бегемотик;1
панду;1
овечка;2
овца;1
волшебная;2
красавица;1
хорошая;3
обычные;1
беби;141
пупс;17
пупсы;31
пупсики;7
пупсов;6
бэби;48
пупсик;4
соской;2
младенцы;2
пупса;5
новорожденные;1
интерны;1
кукольные;12
карета;19
сидячая;1
каретой;1
лошадью;2
лошадками;1
игрушечную;10
карету;3
лошадкой;1
мягконабивные;4
пьет;1
писает;1
подвижными;2
глазками;1
интерактивного;1
многофункциональные;2
писающая;2
функциональный;1
принца;1
парень;1
девчонки;1
ростом;1
высокие;7
феи;15
бжд;1
шарнирные;7
шарнирную;1
шарнирных;2
гнущиеся;1
шарнирах;2
шарнирная;1
chou;2
мягконабивная;2
симба;1
телом;3
туловищем;1
flying;3
fairy;3
фея;16
которая;5
летает;2
парящая;3
летающих;1
фей;1
летающую;2
фею;2
радиоуправляемая;13
винила;3
мигающими;1
эльфов;1
крылышками;2
волшебные;1
эльфы;1
русалку;3
русалки;7
русалка;7
моксиэвирин;1
русалочка;12
плавающая;1
принцессы;2
наряды;3
нэнси;1
Мебель;1
яростная;1
двухъярусная;59
двухъярусные;51
двухэтажная;3
балдахином;2
ходящие;1
двигающиеся;2
ходячие;2
разговаривает;1
ходит;2
ходячая;3
говорящая;5
шагающая;2
которые;3
ходят;1
умеющую;1
ходить;1
ходячую;1
танцующую;1
танцующая;1
танцующие;1
озвученные;1
говорящую;2
разговаривающая;1
Куклы;1
принцы;1
малышка;1
вертолет;46
вертолетик;4
самолет;22
пушками;1
самолетики;2
самолётик;1
самолетик;3
корабль;51
лодка;11
яхта;6
кораблики;3
катер;12
пароход;2
кораблик;6
корабли;9
пароходы;1
собирающиеся;1
космический;9
космических;3
кораблей;27
трек;18
автодорога;3
автодороги;2
автотрек;10
машинками;6
Запчасти;1
шины;1
Игрушечный;1
грузовик;3
грузовики;26
грузовые;12
самосвал;5
фуры;4
фура;5
фуру;1
3474601;1
трактор;26
прицепом;3
мусоровоз;4
эвакуатор;3
мусорная;3
спецтехника;7
строительной;4
техники;5
строительные;5
дорожно;1
строительная;9
техника;24
подметальная;1
снегоуборочная;1
уборочная;1
бетономешалка;1
кран;14
поливальная;1
инерционные;3
маленькую;3
боевые;4
военная;8
военные;11
танки;23
танк;12
гусеничный;1
военной;3
серии;5
танков;24
Коллекционные;1
разбирающиеся;1
железную;1
вездеход;4
внедорожник;2
джип;5
джипы;11
внедорожники;8
автобус;34
городской;4
трамвай;7
троллейбус;6
автобуса;7
автобусы;3
общественный;1
пиратский;12
пиратами;1
подводная;5
подводную;1
лодку;5
Кораблики;1
рельсы;2
железной;1
дороги;1
вертолетики;1
вертолётики;1
вертолёт;1
радиоуправляемый;24
вертолетов;10
волгограде;3
auldey;12
стреляющий;2
самолетов;30
новичков;2
дистанционным;1
управлением;1
лодки;6
военный;1
катера;3
радиоуправления;1
плавают;1
радиоуправляемую;2
парусные;1
яхты;3
рыбалки;1
нло;8
пульту;1
подъемный;3
пультом;4
строительный;2
Гоночный;1
авторалли;4
параллельные;1
гонки;1
параллельный;1
трасса;3
поезда;1
паровозики;1
игрушкитрансформеры;1
робота;1
роботтрансформер;2
мышь;1
видеокамерой;1
камерой;1
гироскопом;4
стреляющие;1
быстрые;3
гоночная;5
скоростные;4
Службы;1
спасения;1
перевертыш;12
скорой;1
помощи;1
перевертыши;3
пожарная;6
полицейская;5
полиция;2
двс;1
камазы;2
грузовиков;1
трактора;4
экскаваторы;1
аккумуляторный;2
аккумуляторе;13
экскаватор;4
экскаватора;1
car;4
микро;1
вездеходы;1
салли;1
багги;1
drift;4
дрифта;13
дрифт;3
дрифтовые;3
щит;5
автоматы;4
оружия;8
автоматическое;1
металлическое;2
пневматическое;3
пистонах;2
кофеварка;3
наложженным;1
кухоньки;1
зона;1
модуль;1
бытовую;1
технику;1
тостер;2
игрушечной;2
посудка;16
сервиз;1
чайник;3
посудку;1
посудки;2
кукольной;1
пластиковым;1
резать;2
гладильная;2
утюгом;1
стиральная;12
пылесос;12
утюг;4
уборки;10
стирки;18
стиральные;1
стиральную;2
тележкой;1
шпионов;2
шпионские;11
шпиона;9
шпионский;9
телефон;26
полицейского;1
агента;4
шпионы;1
шпионская;1
серия;9
секретного;1
полный;3
юного;2
супермаркет;12
касса;25
деньгами;1
сканером;1
продуктовая;1
маркета;1
покупок;1
супермаркета;3
кассы;2
кассу;4
чеком;1
кассой;1
магазина;2
покупательская;1
салон;4
красоты;4
парикмахер;2
парикмахера;7
туалетный;3
стилиста;2
парики;3
юный;3
стилист;2
зоопарк;5
ферма;14
инструментами;1
животными;2
фермера;1
зоопарке;1
фермерский;3
ферме;1
ферму;2
фильма;1
хоббит;1
героев;10
кино;1
комиксов;2
мультсериалов;2
фильмов;1
мультов;1
сказочных;1
птиц;1
фигурок;5
лесные;1
safari;1
диких;1
домашних;1
зверей;2
зверюшек;1
морских;1
микрофон;2
музыкальыне;1
микрофоны;1
компьютеры;7
ноутбуки;4
компьютер;42
ноутбук;22
русско;3
цветным;4
дисплеем;1
экраном;3
звуковые;3
песни;1
говорящий;1
телефоны;3
смартфон;7
мобильные;1
сотовый;1
планшет;1
гитары;1
барабаны;1
Игрушечные;1
духовые;1
синтезаторы;1
ксилофон;10
ксилофоны;1
металлофоны;2
металлофон;5
электромобили;15
квадроциклы;8
склада;1
электромобиль;11
электромотоцикл;3
электромобилей;9
аккумуляторную;1
веломобиль;1
педальная;3
педалях;1
квадроцикл;3
экипировка;1
квадроцикла;4
клаксон;1
71gl;1
01;1
футбольный;1
pony;1
cycle;1
ponycycle;2
поницикл;6
цикл;1
понимобиль;1
понициклы;1
поницыклы;1
беговел;71
велобалансир;13
велобег;18
велобеги;17
велокат;3
велосамокат;1
педалей;2
велокресло;26
крепить;1
переднее;6
велосипедное;13
раму;10
багажник;5
подседельную;5
трубу;4
велосипедные;3
велокресла;5
заднее;1
подседельный;1
штырь;1
спереди;3
велосипеда;13
электроквадроцикл;1
электроквадроциклы;1
скутеры;1
мотороллер;1
мопед;1
электроскутер;3
пульт;3
дистанционного;1
машиной;1
пульты;1
велосипедный;4
шлема;1
шлемы;19
коньков;2
вело;1
противоударный;4
роликовый;1
самоката;1
закрытый;1
головы;2
горного;1
защиты;1
картинга;2
велосипеде;1
роликах;5
роликовых;3
наколенники;1
противоударные;1
ударов;3
квадроциклов;1
аккумулятор;1
электромобиля;4
6v;3
батареи;2
мотоциклов;2
зарядка;1
мотоцикла;4
зарядное;4
аккумулятора;1
Методика;3
Зайцева;1
дошкольного;11
возраста;26
методика;68
зайцева;3
раннего;55
методике;5
Воскобовича;2
воскобовича;4
воскобович;2
Воскобовичу;2
развить;2
интеллект;2
доман;2
домана;14
г;4
глена;4
семь;4
гномов;4
блоки;8
цилиндров;4
дидактические;2
дидактический;6
марии;8
системе;4
материалы;18
дошкольное;2
образование;2
методики;52
модули;6
математическое;4
среда;4
программа;6
программе;2
раннее;12
сенсорное;2
сенсорные;2
система;16
цилиндры;2
Funbox;4
fun;2
box;2
коробочка;2
сюрпризом;2
фанбокс;2
академия;2
умница;22
школа;12
сборную;4
самолета;2
масштабные;3
артиллерия;2
артиллирийских;2
орудий;10
космос;2
стройтехники;2
солдатиков;4
72;2
клей;11
Сборные;2
автомобилей;4
современных;4
советских;2
вов;8
вторая;6
мировая;4
второй;8
мировой;8
войны;9
старые;2
авиации;4
боевых;2
пассажирских;4
самолётов;2
гражданской;2
пароходов;2
парусников;2
старых;2
подводной;2
подводных;2
лодок;2
военных;3
гражданских;4
пушек;2
артиллерийских;6
Средства;2
Ежедневная;2
Защитная;2
бальзам;2
кондиционер;6
кондиционеры;2
пятновыводитель;10
пятен;2
пола;2
моющие;2
обработки;2
чистящее;2
пена;7
Гели;2
шампуни;4
шампунь;12
жидкое;3
масло;64
Экстракт;2
Наборы;4
Лосьоны;2
молочко;5
Тоники;2
кожи;4
ухода;8
младенцем;2
присыпку;6
присыпка;22
пудра;2
присыпки;2
тальк;12
ежедневного;2
Очищающие;2
массажное;4
опрелостей;2
раздражения;2
Увлажняющие;2
Солнцезащитная;2
комаров;2
насекомых;8
уголком;14
пончо;28
пляжа;10
накидки;2
зубная;37
фтора;2
зубочистки;12
Дорожный;2
дорогу;14
походный;2
компактный;2
фишер;2
ступенькой;4
сидушки;2
стульчак;2
складное;4
сидушкой;2
бандаж;118
дородовый;10
послеродовой;34
дородовой;14
кесарева;8
послеоперационный;6
бандажные;2
поддерживающие;2
дородовые;2
родовой;4
кесарево;2
корректирующее;2
послеродовое;2
сечения;2
утягивающий;2
бандажи;2
бумажная;4
одноразовая;36
праздничная;26
одноразовую;2
одноразовой;2
disney;2
procos;2
микки;2
маус;2
колпаки;4
праздничные;49
торта;2
цифры;10
свечки;4
торт;6
цифрами;2
шары;22
шарики;14
праздник;15
баннеры;2
гирлянды;2
декорации;2
флажки;4
колпачки;6
горны;2
язычки;2
скатерть;8
салфетки;14
скатерти;4
пиратская;2
приглашения;4
малый;2
беговелы;26
настольная;125
одного;6
игрока;2
человека;10
компании;16
семьи;4
всей;2
друзей;2
азартные;4
рулетка;10
покер;8
рулетку;2
изучения;2
английского;2
фокусы;24
фокусов;8
карточные;2
картами;2
дороге;4
аналог;2
монополия;38
игру;8
подобии;2
монополии;8
наподобие;2
типа;6
карточная;2
экономическая;4
бизнес;2
финансовые;2
экономические;4
футбол;60
хоккей;32
аэрохоккей;4
бильярд;4
шахматы;48
шашки;32
веселые;5
корпоративные;2
веселой;2
командные;2
activity;12
alias;8
активити;28
алиас;8
скажи;4
иначе;4
настольную;2
ассоциации;2
словами;2
scrabble;10
скрабл;16
слова;6
эрудит;22
составлять;2
слов;2
стратегия;2
стратегические;4
тактические;4
ходилки;8
бродилки;4
логические;23
математические;2
puzzle;2
ножках;6
настольного;4
хоккея;8
кикер;16
пружинках;2
футбола;2
кикера;2
пинбол;2
веселое;2
геометрическое;2
игровое;5
классическое;2
настольное;4
логическое;2
логопедическое;2
развивающее;2
нарды;12
шахмат;2
военно;4
историческая;2
войну;2
Настольные;8
памяти;2
каркасные;14
балансир;12
балансиры;4
качеля;12
напольную;2
подвесная;8
садовая;4
цепях;2
деревянную;4
сухой;6
почему;2
вигвам;2
картона;44
картонный;54
дачный;4
картоннный;2
сухого;16
шар;2
танцевальный;44
пользоваться;2
танцевальным;2
ковриком;2
танцевальных;2
ковриков;2
танцевально;2
описание;2
играми;2
паззлы;6
маты;24
ползания;6
паззл;4
силуэтами;4
плитка;2
плитки;2
напольное;2
покрытие;2
поезд;2
полы;4
пазлов;4
фигуристов;2
фигурные;28
фигурного;4
шайбой;2
хоккеистов;2
хоккейные;24
хокейные;4
хокей;2
любительские;2
двухполозные;12
лезвиями;6
двухполосные;2
полозьями;2
ледовые;2
регулируемые;32
раздвигающиеся;2
папки;6
папка;34
тетрадей;44
а4;4
а5;24
уроков;6
толстую;2
24;12
48;10
листов;38
формата;2
дневник;8
расписание;10
школьное;2
ученика;10
блокнот;4
замочке;2
блокноты;6
замком;2
записные;4
ежедневник;3
ежедневники;3
странички;2
блокнота;2
первого;4
рабочая;4
смурфики;2
косую;2
обложки;21
рабочих;4
тетрадок;4
учебников;2
бумаги;6
закругленными;2
концами;2
альбомы;6
школьникам;2
картон;20
цветная;22
канцелярский;13
канцелярских;4
первокласснико;2
калькулятор;4
калькуляторы;2
чертежные;8
черчения;6
чертёжные;2
рисвования;2
дешевле;8
канцелярию;20
общая;6
96;10
общие;4
тетрадки;6
80;2
тетрадка;10
листа;2
тоненкая;2
тонкая;4
тоненькая;2
блочная;4
кольцах;6
сменным;4
блоком;6
сменные;2
твердом;2
переплете;2
сменными;4
блоками;2
твердый;2
переплет;2
листами;2
клеточку;4
линеечку;2
простых;2
письма;10
малышам;4
углов;8
острых;4
углы;12
острые;2
выдвижных;2
ящиков;8
шкафчиков;2
шкафы;42
открывания;4
шкафов;4
фиксаторы;5
заглушки;4
розеток;12
затычки;4
пластиковых;2
окон;6
стеклопакеты;2
безопасность;12
кухне;2
плита;2
газовой;2
плиты;2
лесси;2
весну;4
осенне;2
вельветовые;6
комбинизоны;2
вельветовый;4
джинсовый;12
комбенизончик;8
поддева;6
палочки;31
ушей;6
ограничителем;4
ушные;2
двухслойные;4
ветровка;2
ветровки;18
плащи;6
дождевики;8
куртка;20
плащ;6
ветровку;2
ветровок;2
демисезонное;2
пальто;34
осеннее;4
осеннюю;2
куртку;22
шкаф;130
вещевые;2
купе;6
шкафчик;4
раздевальные;2
угловые;51
невысокие;2
спальня;2
одеяльца;2
вязанное;2
байковое;10
байковые;2
шерстяное;10
овечье;2
полушерстяное;2
бамбуковое;4
бамбук;4
верблюжье;6
верблюжьей;2
пух;12
пуховое;8
узкий;12
комодом;12
квадратный;2
прямоугольный;4
растущий;60
регулируемый;67
высоте;28
растущие;18
подлокотниками;6
регулируемых;2
стульчиком;15
стулом;5
компьютерное;28
scout;2
ортопедическое;6
регулируемое;2
растущее;2
рабочий;16
места;2
полками;102
надстройкой;100
пеналом;18
ящиками;108
стеллаж;78
стенка;100
угловая;5
письменным;16
стеллажами;8
шкафчиками;20
тумбой;12
шкафом;42
выдвижными;10
выдвижным;11
столешницей;6
полочками;2
сверху;2
полкой;16
полки;27
верхними;2
книжными;2
над;9
ученический;22
компьютера;10
навесными;2
индиго;2
прямой;4
харькове;2
школьник;2
небольшие;2
ноутбука;2
харьков;4
встроенные;2
стеллажи;25
встроенным;6
стеллажом;18
столами;2
рабочим;10
встроенный;2
компьютерным;10
рабочего;2
подставкой;4
учебы;2
учебная;2
ученическая;2
балдахин;14
плотный;2
бандахил;2
двойной;2
балдахины;2
бампер;23
морские;2
бамперы;6
боковинки;2
боковушки;2
бордюр;4
золотой;2
гусь;2
борты;4
карманы;4
кармашки;4
прикроватная;14
объемная;2
двухъярусную;14
двухъярусных;6
двухъярусной;2
чердак;285
чердаки;14
ярославле;4
пенза;6
продам;2
кареты;8
одноярусные;4
одноярусная;2
одно;4
уровневые;4
одноуровневые;2
односпальная;2
ярусная;4
выдвижные;14
выкатное;2
выкатные;34
диваны;120
ярусные;6
двухместная;4
двойная;4
выкатным;20
спальным;12
местом;22
диван;132
выкатной;12
дополнительная;2
двухуровневая;4
две;2
одинарная;2
кроватью;9
дополнительным;4
выкатную;6
бу;2
дивана;2
диваном;2
зеленограде;2
кемерово;2
минске;6
лондонский;2
подиумом;6
кроватями;4
подиум;12
рабочей;62
зоной;58
комнате;3
высокая;2
внизу;8
корабля;14
софа;46
кушетка;6
тахта;72
софу;8
софы;4
калуга;2
тахты;6
тахту;10
кирове;2
регионе;2
кушетки;2
вологде;2
раскладная;10
минск;4
серпухов;2
троих;26
разного;4
тройни;2
компактные;2
синтепоне;2
слипы;10
слип;12
тонкие;2
российская;2
стелькой;2
какая;2
профилактическая;4
сандали;4
правильная;2
демисезонная;6
осенняя;4
осеняя;2
тапки;20
войлочные;10
войлока;8
тёплые;2
кроссовки;140
роликами;8
роликом;2
пятке;2
кроссовок;6
кеды;88
валяные;2
валенки;132
домашки;4
тапочек;2
комнатных;2
зала;2
кожаные;14
сапоги;138
пляжная;8
шлепанцы;8
шлепки;12
пляжную;2
пантолеты;2
сменную;2
сменная;12
каблуках;10
каблуке;24
ботинки;80
рыжие;2
коричневые;2
черного;2
ботинков;2
черные;10
первый;16
шаг;14
покупать;2
17;2
22;2
кожа;8
красные;2
мембранные;2
сапог;5
дутики;2
замшевые;2
качественную;2
туфли;150
золотые;2
сандалии;44
лакированные;2
профилактические;8
21;2
синие;18
текстильные;14
платформе;12
танкетке;4
туфель;4
лаковые;2
сандалий;2
высоком;2
нарядная;32
подошве;16
мехом;4
внутри;2
вкусная;2
молочная;34
смесь;123
не;4
вызывающая;2
колики;2
молочные;39
питательные;6
питание;113
молочную;2
смесей;2
вкусные;2
каша;40
прикорм;4
быстрорастворимые;2
коробках;2
набора;2
веса;2
кашки;2
растворимые;2
сухие;19
жидкие;2
кашка;2
кашу;2
чай;122
чаи;16
бутилированная;4
вода;41
водичка;12
питьевая;6
соки;22
сок;6
печенье;25
супы;18
суп;20
супчик;2
супчики;10
оливковое;14
растительное;8
растительные;4
питании;10
сливочное;6
искусственное;2
бактериальная;2
закваска;6
бактериальные;6
закваски;14
закваску;10
сухую;3
сухая;7
адаптивные;2
адаптированные;4
сахара;2
первых;4
дней;4
жизни;18
искусственные;2
искусственного;2
докорма;2
смешанного;2
шести;2
уровня;2
полутора;4
белковые;4
лечебные;30
лечебно;4
диетические;2
лечебную;2
лечебная;2
аллергии;2
лечебное;6
белковыми;2
смесями;2
аллергией;2
нарушением;2
пищеварения;2
энтеральные;2
композитные;2
лечебного;4
специализированные;2
жидкая;6
употреблению;2
белковая;2
манная;16
геркулесовая;6
травяные;2
травяной;10
успокаивающие;6
успокоительный;6
успокаивающий;4
успокоительные;2
фенхелевый;8
фенхелем;10
укропная;8
укропный;6
фенхельный;2
фенхель;6
hipp;2
ромашковый;8
ромашкой;4
ромашка;2
лактогонный;2
повышающие;2
лактацию;4
повышения;2
увеличения;2
улучшения;2
усиления;2
увеличивающий;2
брокколи;6
овощные;6
кабачковое;6
картофельное;10
овощное;12
кабачок;8
свеклы;6
капусты;4
картофель;2
картошка;2
кукуруза;2
морковь;2
тыква;2
шпинат;2
морковное;2
кабачка;2
кабачков;4
картофеля;2
картошки;2
моркови;4
тыквы;4
шпината;2
свекольное;2
тыквенное;4
тыквенный;2
банановое;4
грушевое;2
яблочное;10
фруктовое;4
абрикос;2
чернослива;6
яблок;6
черника;2
персиковое;2
банана;2
груши;2
кураги;2
сливы;2
сливовое;2
фруктовые;4
мясное;6
рыбное;6
конина;2
рыбой;2
куриное;2
мясные;2
говядины;2
индейки;4
кролика;4
курицы;2
печени;4
рыбы;2
рыбные;2
куриный;2
крупные;2
бальзамы;2
134;2
медленный;2
поток;10
средний;3
быстрый;2
густой;2
пищи;2
переменный;2
переменным;2
потоком;2
автоподогреватель;4
присоской;2
присоске;4
антискользящим;2
дном;6
нескользящим;2
глубокие;8
глубокая;2
тарелочка;4
крышечкой;2
ложечка;4
введения;2
младшей;2
новогодние;15
вышивание;6
вышивка;4
вышивки;2
вышивания;6
шитье;2
шитья;11
бисер;8
бисером;2
бисероплетения;4
бисера;6
бижутерия;4
плетения;8
фенечек;2
создание;2
Декорирование;2
моделирование;4
валяние;8
валяния;20
сухое;2
номерам;36
цифрам;26
холсте;14
точкам;2
роспись;13
заготовки;4
дереву;8
холсту;6
раскраску;4
поделочный;2
оптовым;2
насосом;2
двуспальный;2
надувное;42
надувную;4
владивостоке;2
Зимняя;2
чтения;6
читать;6
поэзия;4
стихотворения;4
старших;4
классов;2
юбку;20
плиссированная;2
юбка;53
прямые;2
сняли;2
серая;2
синяя;9
складку;2
первоклассницы;6
клеш;2
колокол;2
колокольчик;2
плиссировка;2
баской;2
завышенной;2
талией;4
серого;8
складками;2
серые;10
2016;4
плиссе;2
расклешенные;2
высокой;2
синего;4
прямая;2
черная;6
зауженные;10
пошив;2
брюк;2
узкие;6
стрелок;4
хлопка;2
прошитыми;2
стрелками;2
голубая;2
коротким;4
модную;2
нарядную;4
иваново;2
воротником;2
жилетку;6
жилет;76
жилетки;48
бордовый;4
синий;32
серый;16
темно;4
жилетка;26
жилеты;22
жилетов;8
пиджак;30
пиджаков;4
пиджаки;10
фасоны;2
сарафанов;2
элегантный;2
нарядный;2
свободный;2
голубые;2
мнется;2
приталенные;2
галстук;24
галстуки;38
прочитать;2
время;6
детях;2
родах;4
беременность;42
роды;6
главная;2
воспитании;18
обучении;2
семье;2
воспитанию;40
развитию;4
посвященные;2
ушинского;2
детскому;2
методы;2
воспитания;6
посоветуйте;2
рецептов;12
кулинарных;2
блюд;4
рецепты;2
здоровый;6
образ;6
здоровом;8
образе;6
куценко;2
правильном;8
спорте;2
правильное;6
диетах;6
похудении;2
диетологии;2
правильному;2
питанию;2
зож;4
диеты;4
похудение;2
здоровье;5
основы;2
здорового;2
образа;2
журналы;2
рукоделию;16
творчеству;2
психология;16
психологии;24
школьного;5
современной;2
психологию;2
младшего;3
52;4
92;4
cevrb;2
сумочек;2
сумочку;4
хелло;2
китти;2
автомат;2
зонтов;2
зонтик;2
оправы;2
очков;6
авиаторы;2
солнечные;12
нужны;2
ли;2
магнитный;42
магнитах;10
пластмассовых;2
деталей;2
железных;2
конструкторов;2
железного;2
стальной;2
личной;2
уходу;5
малышом;2
новорожденными;2
поделок;14
поделки;6
творческие;14
материалами;2
книжек;2
литературы;4
всестороннего;2
интеллектуального;2
математического;2
изобразительного;2
речи;10
связной;2
внимания;2
мышления;2
основные;2
раннему;2
программы;4
уникальная;2
угловым;2
чердаком;2
невысокая;2
низкую;2
малогабаритные;2
слитные;8
зимних;4
комбинезонов;6
пуховики;2
пуховик;2
зимнее;6
дутые;2
утепленная;2
курткой;2
термобелье;25
термическое;2
выпускное;4
выпускные;10
бальные;5
выпускной;24
нарядное;15
выпускных;2
шикарные;4
фраки;6
фрак;12
пижама;4
пижамы;16
рукавами;2
пижаму;2
сорочки;4
пижамки;4
малышек;2
халаты;16
банный;4
гелевая;2
коликов;6
животика;4
животик;2
солевая;12
соляная;8
грелки;20
грелку;2
солевые;6
соляные;2
пластыри;6
пластырь;4
таблеток;10
таблетницу;4
таблетница;18
лекарств;2
овуляцию;60
овуляции;16
определение;12
определения;12
молочницы;6
кандидоз;2
молочницу;6
тольятти;2
цикла;2
полоска;2
полоски;10
ранних;2
сроках;2
определяющие;2
аппарат;28
артериального;10
давления;48
тонометр;16
крови;2
кровяного;2
пульса;2
аппарата;2
тонометры;2
медикаменты;8
вешалка;78
крючков;4
настенная;26
прихожую;30
ремней;2
шарфов;2
крючка;2
дверь;4
дизайнерская;4
крючками;2
вешалки;68
коридор;2
крючки;4
прихожей;2
дизайнерские;8
вешалок;4
крючок;4
вешалку;12
настенную;6
надверная;2
слепка;12
слепки;4
гипсовых;2
слепков;28
слепок;6
домой;4
ученического;2
стула;2
колесиков;4
нерегулируемый;2
учеников;2
ученические;2
эргономические;2
эргономичные;4
баунсер;22
баунсеры;2
шезлонги;24
шезлонгов;2
электронное;6
падений;2
ограничители;3
фиксатор;4
столиков;2
бельевые;2
бельевой;2
симферополь;2
сургут;4
чебоксарах;4
калуге;2
схема;2
сборки;3
манежик;4
манежей;2
Позиционеры;2
позиционер;2
ред;2
кастл;2
положения;2
кормящей;6
удобное;2
системы;2
хранение;4
ящичек;2
шкафчики;9
стенки;40
3лет;2
тумба;14
тумбочка;10
тумбы;2
лампа;14
ночник;4
лампы;18
ночники;4
люстры;2
бра;2
светильников;2
кулер;38
кулеры;12
фунтик;20
funtik;2
стенку;18
доступные;2
стенок;6
разнополых;4
белого;4
десткое;2
гольфы;2
длинным;2
зеленая;2
героями;10
топ;2
хаки;2
камуфляжную;2
оранжевую;2
топик;2
черную;2
желтая;2
красная;2
нижнее;22
закрытые;2
купальные;4
купальников;10
плавки;24
раздельные;2
сплошные;2
раздельный;2
стартовые;2
плавок;2
купальника;2
слитный;2
сплошной;2
вязание;2
безрукавки;2
безрукавка;2
жилеток;2
совместные;2
шапок;2
курток;2
костюму;2
костюмов;4
домашней;2
комплектов;2
мультяшки;2
мультгероями;4
мультяшками;2
мультяшными;2
нарядной;2
шарфы;14
воротник;2
горловина;2
манишка;2
снуд;2
труба;2
хомут;2
шерстяные;2
краги;2
пальцев;3
непромокайки;2
горнолыжный;20
горнолыжные;32
горнолыжная;6
горнолыжную;2
спусковой;4
чешки;56
балетки;6
слипоны;2
тряпочные;2
полуботинки;24
физкультуры;4
физкультурой;2
физры;2
физкультуру;2
вперед;2
раздвижной;4
перо;8
пуховая;2
дорожных;2
атласные;4
платью;2
болеро;32
праздничное;4
диванчик;14
диванчики;14
минидиван;8
диванов;2
минидиваны;8
диванчиков;2
растущую;2
растет;4
одноместная;2
регулируемой;2
регулируемым;2
наклоном;2
столешницы;2
регулируемую;2
наклону;2
стандартная;2
парт;12
трансформеров;6
книгодержатель;2
фурнитуру;2
лотки;2
шведская;58
пристенные;4
шведские;8
пристенный;6
стене;2
шведскую;4
распор;2
пристенная;2
турником;2
упражнения;2
мат;10
спортивного;2
комплекса;2
беговая;6
дорожка;6
тренажеры;60
силовые;2
беговой;2
велотренажер;2
осанки;2
ходьбы;2
пресс;2
степпер;2
тренажерах;2
тренажеров;6
физкультурный;2
скалолаз;2
площадках;2
скалодром;22
скалодромы;4
помещения;2
скалодрома;2
турник;42
турники;18
дверной;2
проем;2
площадке;2
фантастика;16
жанр;2
фэнтези;2
фантастику;2
фантастическая;2
фантастические;2
toy;67
той;18
1toy;90
1той;6
производитель;19
жд;2
экспресс;6
ван;4
буль;4
ключи;4
планшеты;4
кидс;6
2kids;12
2кидс;2
kids;22
ту;2
элемент;2
x;4
2х3;2
3M;2
3m;10
фирма;22
компания;9
4D;4
Cityscape;4
Puzzles;2
4d;4
cityscape;4
ситискейп;2
moms;7
4moms;37
фомамс;6
mamaroo;60
мамару;18
электрокаче;2
укачивающий;6
Point;4
Plus;4
5PointPlus;2
Five;2
anti;2
escape;2
system;2
пятиточечная;2
самовольного;2
освобождения;2
abc;78
design;84
абс;14
абц;6
fd;6
happy;8
mama;8
abus;8
абус;6
action;23
актион;5
экшен;4
экшн;2
adagio;4
адажио;4
adamex;645
адамекс;526
польская;2
katrina;30
deluxe;8
катрина;44
делюкс;4
экко;2
эко;8
экокожа;8
eco;4
lara;40
расцветки;17
лара;34
прогулочным;2
loran;28
лоран;18
neon;22
неон;26
royal;33
роял;34
by;4
съемной;2
сумкой;2
senso;40
сенсо;28
польша;8
young;30
янг;16
alex;10
алекс;8
avalon;20
n;4
авалон;8
champion;60
alu;46
чемпион;40
алу;18
retro;14
ретро;16
enduro;44
эндуро;34
коляск;2
jetto;24
len;2
mars;52
марс;30
комбинированная;7
nitro;44
нитро;30
pajero;26
паджеро;10
york;41
йорк;36
карло;2
adiri;12
адири;10
alaska;20
originale;20
аляска;12
оригинале;2
ориджинал;4
оринигал;2
оригинал;4
aliko;6
Aliko;2
Comfort;2
milano;2
alilo;20
bunny;2
плеер;2
алило;8
зайчики;2
alis;82
poland;2
алис;14
mateo;60
matteo;24
матео;20
coletto;2
элис;2
f;20
lux;7
monica;14
santa;2
alpino;128
испания;2
альпино;64
crea;12
алпино;36
крея;6
креа;4
alipono;2
акриловые;8
dacs;6
дакс;6
Alpino;4
Aqua;4
Dacs;8
аква;10
Ceras;4
color;4
калар;2
cliper;2
clipper;5
клипер;2
colorful;8
колорфул;5
макияж;6
макияжа;4
акрил;6
amalfy;50
амалфи;16
амальфи;10
amazonas;26
амазонас;13
carry;2
sling;2
бразилии;2
amos;38
амос;12
enjoy;2
i;7
clay;24
engoy;2
iclay;10
idough;2
глина;6
I;2
a;2
витражи;2
витражные;4
glass;4
deco;4
витражных;2
andiolly;6
андиолли;4
aneco;41
анеко;25
arvens;10
арвенс;6
maggini;12
маджини;6
маггини;2
anex;102
анекс;56
classic;30
классик;7
sport;59
спорт;32
angel;23
глины;4
sand;6
ангел;3
санд;2
angry;72
birds;72
ангри;6
бердс;20
энгри;56
бердз;38
злые;20
птички;14
свиньи;2
бёрдс;4
символикой;2
стар;9
варс;5
гоу;2
телепорт;2
rio;4
anmar;50
польские;3
amber;18
анмар;16
амбер;10
any;14
solution;4
multi;2
эни;2
apptoyz;6
аптойз;2
aprica;30
japan;2
априка;28
карун;2
японская;4
aqa;12
сбор;2
arina;36
арина;56
balerina;2
ballerina;12
балерина;32
festivita;10
lora;2
grig;2
фестивита;2
millionare;2
aro;34
aroteam;2
аро;4
тим;4
forte;2
new;13
lex;8
lex2;2
pablo;6
assistant;6
at;16
atplay;26
ат;10
плэй;2
атплей;2
атплэй;2
канада;2
эт;6
канадская;2
atra;6
noel;6
атра;2
ноэль;2
attack;8
стиральный;12
порошок;33
attipas;10
атипас;2
аттипас;6
auto;2
time;2
autotime;46
collection;8
тайм;8
автотайм;28
коллекшн;2
автотайма;2
imperial;2
top;2
truck;2
трак;2
turbo;2
турбо;2
avanti;38
si;2
аванти;16
juniors;2
d200;2
philips;105
филипс;58
продукции;2
продукцию;2
филлипс;2
мультиварка;6
natural;6
антиколиковые;2
бутылочку;4
желез;2
крышки;2
молокосборник;6
грудосос;2
молоотсос;2
молокоотос;2
молокососы;10
scd;6
vent;2
воздухоувлажнитель;2
кружка;7
термочашка;1
поилка;1
носик;2
поилки;1
avionaut;18
авионаут;3
evolvair;5
adac;1
gilder;2
глайдер;1
avyna;3
авьяна;1
b;6
well;6
би;19
велл;6
babe;6
laboratorios;1
pediatric;2
бабэ;1
babiators;2
ace;4
айс;3
эйс;4
бейби;11
бэйби;7
care;32
каре;11
кеа;7
кар;3
311;5
bc;5
bc311;1
781;4
жирафик;6
expert;16
эксперт;7
бай;1
butterfly;1
coccolo;1
cremino;2
cuore;2
di;1
mamma;1
diamante;1
perla;1
перла;1
serenata;1
italia;8
babyitalia;1
joger;1
jogger;23
babyjogger;1
американская;1
джоггер;22
джогер;8
бебиджогер;1
Корзинки;1
аксессуарами;2
Baby;3
Star;2
star;11
fehn;8
babyfehn;6
фейн;1
hit;7
babyhit;20
хит;25
бебихит;8
бейбихит;2
бэбихит;3
бэйбихит;2
Ходунки;1
BabyHit;2
Электрокачели;1
babyhome;36
хоум;9
бебихоум;8
бейбихоум;1
side;7
dream;4
дрим;1
home;2
бэбихоум;1
emotion;7
эмоушен;1
lemon;3
citrus;3
line;25
babyline;30
лайн;24
бебилайн;11
бебилин;1
лин;1
бэбилайн;3
feucht;6
frisch;6
пластиковом;1
боксе;1
Фойхт;1
унт;1
Фриш;1
Ватные;2
влажные;4
пенка;3
babylux;5
бебилюкс;1
бэбилюкс;1
moov;1
style;1
babymoov;40
франция;1
Бейби;1
мув;3
Бейбимув;1
бебимув;14
Babymoov;4
babys;5
sleep;1
babysleep;6
бебислип;1
матрацы;1
babyzen;43
strollers;1
бебизен;12
yo;8
yoya;1
yoyo;19
stroller;1
ее;1
zen;3
зен;1
recaro;3
balio;2
балио;2
balvi;1
gifts;1
bambino;6
fly;3
бамбино;3
флай;1
bambo;3
nature;3
бамбо;4
BamBola;5
БамБола;1
bambola;3
navigator;1
бамбола;1
Бамбола;2
bambolina;9
бамболина;7
бамбу;4
bambu;8
pac;1
man;3
pacman;2
paс;2
пакман;4
пакмен;2
пакмэн;2
power;3
rangers;1
powe;1
могучие;7
рейнджеры;18
самураи;10
зорды;2
рейнджеров;3
мегазорд;2
космические;1
рейнджера;2
самурая;1
самураев;1
bandai;6
wars;6
сборная;4
звездные;3
дарт;1
вейдер;1
бандай;4
voov;8
вув;4
шиворот;11
выворот;8
машиворот;9
навыворот;13
ben10;2
бен;39
инопланетная;7
сверхсила;4
омниверс;3
тен;19
бэнтэн;5
тена;3
ben;4
сила;2
бен10;2
alien;1
force;1
ультиматрикс;1
инопла;1
омнитрикс;1
36125;1
часики;5
бена;1
egg;1
stars;3
eggstars;2
яйцо;2
эг;1
старс;4
эгстарс;1
яйца;1
baramba;4
барамба;4
barbie;27
megabloks;1
com;1
маттел;1
домика;2
коллекционные;5
кен;7
can;1
кена;1
Одежда;2
Русалочка;2
русалочку;1
bbmart;2
ббмарт;2
bburago;86
ббураго;11
автомобили;8
lamborghini;5
street;8
fire;4
tuners;4
поле;1
32;6
43;6
64;4
сборка;4
Bead;1
bazaar;2
bead;1
beatrix;17
ny;1
беатрикс;5
ланчбокс;1
беатрис;1
планшета;2
bebe;43
confort;13
бебе;7
конфорт;3
bebeconfort;1
liron;1
planet;1
planete;5
планет;3
плэнет;1
mobile;23
сантана;10
santana;12
мобил;1
ecco;2
toscana;14
bebemobile;1
тоскана;20
веве;1
тоск;1
bebek;4
бебек;2
be;12
lino;4
bebelino;16
бебелино;8
бебилино;1
лино;4
кабриолет;1
cортер;2
bebetto;125
бебето;1
бебетто;80
flavio;3
holland;15
холланд;6
nico;21
нико;13
torino;12
chanel;8
торино;3
шанель;3
vulcano;7
вулкано;6
42;19
for;1
two;1
bono;9
боно;6
polar;5
полар;5
joker;10
джокер;11
super;15
kid;14
кид;9
сложить;1
filippo;11
характеристики;1
филиппо;7
rainbow;6
bebi;22
безмолочная;2
безмолочные;1
мюсли;2
юниор;2
premium;3
бебики;3
bebivita;10
бебивита;12
бэбивита;2
гранулированный;2
5в1;1
beeangel;16
bee;1
ys502;4
биангел;2
4в1;1
beezeebee;7
бизиби;1
bella;3
sara;3
bellasara;3
belon;1
benbat;5
бенбат;1
safe;4
besafe;6
bestway;43
бест;2
вэй;2
бествей;8
бествэй;2
бэствэй;2
прямоугольные;2
нарукавник;4
плавательный;1
пл;1
плот;2
bi;5
ki;5
biki;8
buy;1
ки;3
энд;1
бики;6
Bibi;1
аспираторы;1
bibi;9
big;21
bobby;2
биг;5
worker;2
маша;4
peppa;5
pig;5
bloxx;1
свинка;3
пеппа;3
bim;1
basket;1
bimbasket;3
бим;1
баскет;1
бимбаскет;4
bio;2
mio;2
biomio;7
splat;1
био;4
мио;4
биомио;1
RenArt;1
Limited;1
Renart;1
blendy;3
pens;3
blendypens;1
renart;3
Blendy;1
Pens;1
Ренарт;1
bloom;24
fresco;16
chrome;4
giro;1
блум;10
фреско;4
BloomingBath;1
blooming;6
bath;6
Блуминг;1
Бас;1
цветок;5
blueberry;19
picoletto;4
американские;2
пышные;11
оде;1
пиколетто;4
топы;2
американской;1
блуберри;4
swaddlebees;2
bob;6
боб;2
bojeux;3
boley;1
bombus;10
бомбус;4
предметов;1
bondibon;34
smart;11
games;11
smartgames;9
бондибон;16
granna;5
грана;1
гранна;4
смарт;5
геймс;4
смартгеймс;1
Smart;1
Max;1
smartmax;10
смартмакс;5
макс;1
досуг;3
буки;17
французское;1
науки;14
опыта;1
французские;6
boon;6
бун;1
bossa;18
nova;19
босса;9
нова;9
тм;1
bratz;37
братс;4
братц;96
кукл;1
брац;9
модницы;1
хочу;1
бебис;1
бэйбики;1
супердетки;1
крошки;1
br;1
dolls;1
girls;1
девушки;1
долл;1
boys;1
boyz;1
парни;2
мальчишки;1
lil;1
лил;1
jade;1
джейд;3
джейт;2
yasmin;1
жасмин;4
jasmin;1
ясмин;1
meygan;1
мейган;5
мэйган;1
sasha;2
саша;4
cloe;1
хлоя;7
дискотека;1
catz;3
кошечки;9
причесок;1
bratzillaz;10
лунный;1
свет;1
питомцы;1
братзилаз;1
братзилас;4
братзиллаз;3
братзиллас;1
зилас;6
ведьмы;3
братцзилас;2
братцзиллаз;3
братцзиллас;1
брацзилаз;1
брацзилас;1
брацзиллаз;5
брацзиллас;1
brauberg;33
брауберг;17
визитница;1
дырокол;1
зажимы;1
бумаг;1
регистратор;1
файлы;1
перфорированные;1
шариковая;1
скоросшиватель;1
степлер;1
стержни;1
точилка;5
Brauberg;2
начальная;2
средняя;2
жесткокаркасный;1
cумка;3
ремне;2
торба;1
brevi;58
бреви;40
brickadoo;2
брикаду;1
брайт;4
стартс;2
бридж;1
гармония;1
ingenuity;13
музыкой;1
порошки;1
мыльный;2
соль;3
морская;1
Мусс;1
мусс;1
Косметика;1
непогоды;1
психологические;1
фингеры;2
фингеров;1
фингер;4
фингерборды;3
фингербайки;1
фингербордов;5
фингерборд;5
скейт;3
скейтборд;1
фингерскейт;1
семейный;1
надувным;2
горками;1
бассейном;2
первоклассникам;2
линейки;3
пва;2
прозрачный;1
металлическую;1
метровую;1
точилку;1
ластик;5
измерительная;1
1500;1
мм;1
калькулятором;1
измерительные;1
гост;1
масштабная;1
мелкая;2
резинка;3
стирательная;3
контейнером;1
точилки;1
блокатор;1
дверей;5
блокировка;1
прищемления;1
липучка;1
навесные;2
книжная;1
книжные;2
резиновых;1
утеплителем;1
вермишель;3
вермишелька;1
макароны;5
пудинг;4
Материалы;1
корзин;1
шелку;2
керамика;3
керамике;2
керамики;1
кварцевые;2
часов;2
наручных;1
планшетов;1
лестницей;1
америки;1
новогодний;3
утренник;11
пышной;2
пышное;4
зеленое;1
нарядных;4
длинное;1
осени;1
новогоднего;1
утренника;1
новогоднее;3
сшить;1
гамак;19
гамачок;2
подвесное;5
стульчиками;1
вконтакте;1
faro;1
повседневная;1
sprouts;3
bounceroo;6
bounce;2
roo;2
barletta;22
барлетта;14
амадекс;1
avila;11
авила;7
авилла;1
kametta;4
каметта;8
ballade;5
баллада;3
angelcare;6
няни;1
toys;1
auldeytoys;1
клапан;6
мембрана;1
